상품명,브랜드,가격,상품링크
삼양 스페셜티_준비된 인재,samyang,19900,https://www.musinsa.com/products/6441760
Round Collar Short Sleeve Blouse [Pink],rosefrantz,79500,https://www.musinsa.com/products/6527304
Heart Patch Cotton T-shirt White (New),rogin,15540,https://www.musinsa.com/products/6526404
[2PACK] 에센셜 골지 코튼 슬리브리스 - 3 COLOR,noise,28900,https://www.musinsa.com/products/6462152
87-STAN326 빈티지 네온 라이트닝 크랙 피그먼트 반팔 티셔츠 (3color),standarderror,22900,https://www.musinsa.com/products/6525939
VLAD 빈티지 MUSTANG 링거 티셔츠_피그먼트 차콜,dimitriblack,29900,https://www.musinsa.com/products/6520345
소프트 타이 버튼 블라우스_차콜 그레이,euggen,29900,https://www.musinsa.com/products/6526215
언발란스 셔링 트임 스트랩 포인트 세미 크롭 소프트 반팔 티셔츠_3COLOR,placestudio,29400,https://www.musinsa.com/products/6506584
87-STAN331 서머 바캉스 크랙 피그먼트 반팔 티셔츠 (4color),standarderror,22900,https://www.musinsa.com/products/6529588
사하라 호피 십자가 백 로고 유넥 굴림 반팔 티 (2컬러),mucent,29900,https://www.musinsa.com/products/6552945
BUTTON SLEEVELESS_6 Color,rolarola,39000,https://www.musinsa.com/products/6591855
[썸머] 롤업 투포켓 체크 하프 셔츠,they,42900,https://www.musinsa.com/products/6503006
DRAPED ASYMMETRIC SLEEVELESS TOP IN BLACK,matinkim,61200,https://www.musinsa.com/products/6461371
[효인×히어리] 헤이즈 레이스 슬리브리스 탑_옐로우,heeari,44200,https://www.musinsa.com/products/6520375
어쩔단점 반팔 티셔츠,couchpotato,31000,https://www.musinsa.com/products/6532821
스트라이프 셔링 카라 티 버건디,illigo,64000,https://www.musinsa.com/products/6455158
[DESK] COMPACT COLLAR HALF KNIT [STONE SAGE],unionblue,63200,https://www.musinsa.com/products/6469902
무한상사 반팔,infinitechallenge,39000,https://www.musinsa.com/products/6551491
썸머 리듬 반소매 티셔츠 (민트) K26QB239,nastykick,26950,https://www.musinsa.com/products/6497154
레이어드 헨리넥 탑 (네이비),hugyourskin,58500,https://www.musinsa.com/products/6455164
크롭 골지 라운드 반팔 티셔츠_5 COLOR,they,26400,https://www.musinsa.com/products/6585515
[젠플록스X르아브] [2PACK] 플록스 에어로쿨 크롭 티셔츠,learve,44000,https://www.musinsa.com/products/6448424
87-STAN334 스파크 스트리트 솔리드 반팔 티셔츠 (2color),standarderror,14900,https://www.musinsa.com/products/6529597
슬랜트 라인 버튼업 하프 셔츠 [딥네이비],hooves,53200,https://www.musinsa.com/products/6585886
[2PACK] 오버핏 반팔티 4종 택2 패키지,alvinclo,45800,https://www.musinsa.com/products/6509635
리본 플리츠 반소매 블라우스 블랙,illigo,64000,https://www.musinsa.com/products/6455188
Muted Curve Top (black),khakipoint,40500,https://www.musinsa.com/products/6458464
ss ex t (grey),midnightmove,25200,https://www.musinsa.com/products/6539160
Noah Slim Layered Tee_Navy,thebarnnet,59000,https://www.musinsa.com/products/6491985
[2PACK] 슬림 크롭 헨리넥 하프 티셔츠,toffee,37200,https://www.musinsa.com/products/6543526
공용) 쿨에어 코튼 리젠 콜라보 반팔 티 (토비)_MSF2TS3007,topten,12900,https://www.musinsa.com/products/4860171
Dreamy Scallop Lace Blouse_White(OB6BL07),ournostalgia,73600,https://www.musinsa.com/products/6362958
[COOL] 썸머 브이넥 니트_SPKWG37W03,spao,29900,https://www.musinsa.com/products/6510135
케이블 라운드 반팔 니트 - 3color,mindbridge,24900,https://www.musinsa.com/products/3989452
블리치드 사파리 하프 셔츠 [빈티지그레이],hooves,59850,https://www.musinsa.com/products/6585953
87-STAN334 스파크 스트리트 피그먼트 반팔 티셔츠 (4color),standarderror,22900,https://www.musinsa.com/products/6529591
[리제임스 PICK] 빈티지 클래식 체크 셔츠 - 블랙,eastserviceshop,51350,https://www.musinsa.com/products/5940691
[꼬민지 PICK] Stripe frill blouse,urago,71250,https://www.musinsa.com/products/6478971
Multi-Stripe PK Knit - Cream,process,54650,https://www.musinsa.com/products/5994063
[인더스트 X 요비] 피그먼트  워시드 피케 반팔 셔츠_3COLOR,corrs,39000,https://www.musinsa.com/products/6562364
[패션애완쏭 PICK] 두들 엔젤 티셔츠 (화이트),secondsalt,33600,https://www.musinsa.com/products/6507755
컷아웃 캡나시 RE HNG41SS_MIWHNG70QS,mixxo,29900,https://www.musinsa.com/products/6517459
[리복x발란사] 펌프 반팔티 - 화이트,reebok,65000,https://www.musinsa.com/products/6450181
공용) 컴팩트 코튼 콜라보 반팔티 (블랙 크로우스)_MSF2TS3004,topten,17900,https://www.musinsa.com/products/4739524
[스토커즈 콜라보] [ON]워셔블 멀티 스트라이프 카라 반팔 니트 - 4color,mindbridge,27900,https://www.musinsa.com/products/6109248
GUSSET RINGER S/S T-SHIRT [LIGHT GRAY],unionblue,51200,https://www.musinsa.com/products/6519007
무브먼트 소로나쿨 컴포트핏 반팔 티셔츠 블랙 SR323UTS75,descente,69000,https://www.musinsa.com/products/6514056
[미나브X리제임스] 골지 크롭 반팔 티셔츠  [화이트],minav,29000,https://www.musinsa.com/products/6460242
[디지몬 어드벤처] Panel Digimon Overfit T-shirt - 4COLOR,oddstudio,37800,https://www.musinsa.com/products/6546968
[호빵맨] 반팔 티셔츠(Red)_SPRLG37U14,spao,25900,https://www.musinsa.com/products/6524566
와일드 웨스트 링거 티셔츠 - 그레이,ourseaz,44200,https://www.musinsa.com/products/6542141
[디지몬 어드벤처] Mega Stage Digimon Overfit T-shirt - 3COLOR,oddstudio,37800,https://www.musinsa.com/products/6546964
[데일리룸 PICK] 배색 롤업 스트라이프 반팔 티셔츠 - 아이보리,noise,43800,https://www.musinsa.com/products/6462793
LOOSED HERRINGBONE HALF SHIRT [OATMEAL],unionblue,69700,https://www.musinsa.com/products/6518940
플라워 프린팅 오버사이즈 티셔츠_핑크플라워,heeari,50150,https://www.musinsa.com/products/6520653
벨티드 플레어 블라우스_MIWBWG701B,mixxo,49900,https://www.musinsa.com/products/6517602
배색 레이어드 롤업 반팔 티셔츠_피그먼트 차콜,dimitriblack,24900,https://www.musinsa.com/products/6520342
[WOMAN]TYPA BABY 베이비티_MINT,graver,29900,https://www.musinsa.com/products/6528422
뮤리엘 플라워 펀칭 레이어드 반팔 티_4Colors,vivacious,38400,https://www.musinsa.com/products/6525800
엘로디 하프 체크 셔츠-블루,bittercells,43120,https://www.musinsa.com/products/6305662
녕이X칙스 인스팅트 도트 홀스 브이넥 슬림 반팔 티셔츠 블랙,chicks,21200,https://www.musinsa.com/products/6533456
컬러풀 서프클럽 반팔 티셔츠 (LRSMCTR716M),grooverhyme,9900,https://www.musinsa.com/products/6176335
[캡내장]골지레이스나시 (QCVT260118),pigment,17900,https://www.musinsa.com/products/6535466
스파이럴 메쉬 절개 크롭 티셔츠 블랙,gakka2,34990,https://www.musinsa.com/products/6615959
에어리 에센셜 하프 니트 [LAVENDER] / WBE2L05512,generalideastandard,37000,https://www.musinsa.com/products/6217189
X COWBOY BEBOP KV TEE_BLACK(NG2GMUT502D),niceghostclub,44100,https://www.musinsa.com/products/6445926
[지현서 PICK] 모티프 자수 스트라이프 레이어드 반팔 티셔츠 PURPLE PINK,lmr65,33210,https://www.musinsa.com/products/6453637
[2PACK] 스테이블 헨리넥 반팔티 5종 SJST4775,perstep,39800,https://www.musinsa.com/products/6552875
릴리 홀터넥 레이스 탑 [WHITE],reisemiya,58590,https://www.musinsa.com/products/6491405
MATIN KIM LOGO TOP IN BLACK,matinkim,48000,https://www.musinsa.com/products/4036584
체크 후드 하프셔츠 (말차솔트),secondsalt,56580,https://www.musinsa.com/products/6507749
쉐도우 스트라이프 롤업 셔츠 더스트 블루,partimento,57900,https://www.musinsa.com/products/6551092
자이언트핏 써니 사이드업 티셔츠 (3%멜란지그레이),takeasy,9900,https://www.musinsa.com/products/4128349
[한빛 착장] 꼬임 보트넥 티셔츠 OE6ME4600,olivedesolive,77220,https://www.musinsa.com/products/6391733
데일리 골지 크롭 머슬핏 티셔츠-5Color,filluminate,23900,https://www.musinsa.com/products/6493135
레이어드 써클 체인 반팔티 [멜란지그레이],hooves,32550,https://www.musinsa.com/products/6254135
[송승일 PICK] 플로우 크롭 반팔 티셔츠_6colors,nuartstudio,17900,https://www.musinsa.com/products/6433502
